<?xml version="1.0" encoding="UTF-8"?>
<project-private xmlns="http://www.netbeans.org/ns/project-private/1">
    <editor-bookmarks xmlns="http://www.netbeans.org/ns/editor-bookmarks/2" lastBookmarkId="0"/>
    <open-files xmlns="http://www.netbeans.org/ns/projectui-open-files/2">
        <group>
            <file>file:/C:/Users/april/OneDrive/Documents/NetBeansProjects/KerjaProjek/src/kerjaprojek/Login.java</file>
            <file>file:/C:/Users/april/OneDrive/Documents/NetBeansProjects/KerjaProjek/src/kerjaprojek/dashboard.java</file>
            <file>file:/C:/Users/april/OneDrive/Documents/NetBeansProjects/KerjaProjek/src/kerjaprojek/menumasakan.java</file>
            <file>file:/C:/Users/april/OneDrive/Documents/NetBeansProjects/KerjaProjek/src/kerjaprojek/KerjaProjek.java</file>
            <file>file:/C:/Users/april/OneDrive/Documents/NetBeansProjects/KerjaProjek/src/kerjaprojek/reportmenu.jrxml</file>
        </group>
    </open-files>
</project-private>
